BRANCH_ID,BRANCH_NAME,BRANCH_EMAIL,BRANCH_CITY,BRANCH_STATE,BRANCH_IFSC_CODE
9571,Pitampura,pitampura@pypy.com,New Delhi,New Delhi,PYPY009571
1761,Sector 29,sector29@pypy.com,Gurugram,Haryana,PYPY001761
4233,Thaltej,thaltej@pypy.com,Ahmedabad,Gujarat,PYPY004233
1741,Sainik Colony,sainikcolony@pypy.com,Faridabad,Haryana,PYPY001741
8370,Kankavli,kankavli@pypy.com,Mumbai,Maharashtra,PYPY008370
5155,Sector18,sector18@pypy.com,Noida,Uttar Pradesh,PYPY005155
6258,Doraha,doraha@pypy.com,Ludhiana,Punjab,PYPY006258
5908,Rajapark,rajapark@pypy.com,Jaipur,Rajasthan,PYPY005908
339,Pratapgarh,pratapgarh@pypy.com,Allahabad,Uttar Pradesh,PYPY00339
8153,Ajnala,ajnala@pypy.com,Amritsar,Punjab,PYPY008153
8198,Ghaziabad,ghaziabad@pypy.com,Ghaziabad,Uttar Pradesh,PYPY008198
2755,Haldwani,haldwani@pypy.com,Nainital,Uttarakhand,PYPY002755
3038,Lakkadmandi,lakkadmandi@pypy.com,Sriganganagar,Rajasthan,PYPY003038
8778,Avas Vikas,avasvikas@pypy.com,Haridwar,Uttarakhand,PYPY008778
9149,Thudiyarul,thudiyarul@pypy.com,Coimbatore,Tamil Nadu,PYPY009149
2855,Nehru Nagar,nehrunagar@pypy.com,Bhilai,Chhattisgarh,PYPY002855
2538,Convent Road,conventroad@pypy.com,Dehradun,Uttarakhand,PYPY002538
3526,Tehsil-Bilara,tehsil-bilara@pypy.com,Jodhpur,Rajasthan,PYPY003526
7323,Court Road,courtroad@pypy.com,Saharanpur,Uttar Pradesh,PYPY007323
1739,Baruipur,baruipur@pypy.com,Kolkata,West Bengal,PYPY001739
7044,Sachin - GDIC,sachin-gdic@pypy.com,Surat,Gujarat,PYPY007044
6192,Shubhash Palace,shubhashpalace@pypy.com,Lucknow,Uttar Pradesh,PYPY006192
6597,Sector 9,sector9@pypy.com,Chandigarh,Punjab,PYPY006597
